ID,LinearCount,XGBCount
18288,342,506
18289,346,435
18290,351,426
18291,355,339
18292,360,320
18293,364,313
18294,369,317
18295,373,355
18296,378,379
18297,382,465
18298,387,635
18299,391,664
18300,396,655
18301,400,606
18302,405,611
18303,409,610
18304,414,608
18305,418,597
18306,423,603
18307,427,704
18308,432,599
18309,436,587
18310,441,574
18311,445,585
18312,280,446
18313,285,381
18314,289,348
18315,294,280
18316,298,261
18317,303,257
18318,307,258
18319,312,289
18320,316,301
18321,321,327
18322,325,405
18323,330,413
18324,334,404
18325,339,419
18326,343,399
18327,348,399
18328,352,396
18329,357,386
18330,361,392
18331,366,472
18332,370,386
18333,375,374
18334,379,374
18335,384,362
18336,277,360
18337,282,341
18338,286,315
18339,291,296
18340,295,278
18341,300,271
18342,304,278
18343,309,309
18344,313,320
18345,318,384
18346,322,431
18347,327,432
18348,331,422
18349,336,445
18350,340,423
18351,345,423
18352,349,423
18353,354,412
18354,358,453
18355,363,550
18356,367,443
18357,372,429
18358,376,429
18359,381,426
18360,339,434
18361,344,381
18362,348,366
18363,353,327
18364,357,311
18365,362,304
18366,366,314
18367,371,352
18368,375,376
18369,380,487
18370,384,728
18371,389,750
18372,393,741
18373,398,696
18374,402,700
18375,407,700
18376,411,697
18377,416,687
18378,420,706
18379,425,805
18380,429,695
18381,434,676
18382,438,701
18383,443,754
18384,339,504
18385,344,437
18386,348,428
18387,353,341
18388,357,302
18389,362,294
18390,366,298
18391,371,352
18392,375,377
18393,380,495
18394,384,736
18395,389,758
18396,393,749
18397,398,704
18398,402,709
18399,407,708
18400,411,706
18401,416,695
18402,420,714
18403,425,812
18404,429,702
18405,434,656
18406,438,681
18407,443,734
18408,346,516
18409,351,458
18410,355,448
18411,360,361
18412,364,334
18413,369,326
18414,373,347
18415,378,363
18416,382,388
18417,387,506
18418,391,661
18419,396,698
18420,400,695
18421,405,712
18422,409,720
18423,414,720
18424,418,720
18425,423,709
18426,427,715
18427,432,817
18428,436,713
18429,441,660
18430,445,647
18431,450,652
18432,346,526
18433,351,468
18434,355,458
18435,360,372
18436,364,339
18437,369,331
18438,373,335
18439,378,373
18440,382,398
18441,387,501
18442,391,671
18443,396,708
18444,400,705
18445,405,637
18446,409,645
18447,414,644
18448,418,644
18449,423,634
18450,427,639
18451,432,741
18452,436,638
18453,441,612
18454,445,599
18455,450,604
18456,346,519
18457,351,456
18458,355,446
18459,360,360
18460,364,327
18461,369,321
18462,373,325
18463,378,362
18464,382,387
18465,387,490
18466,391,660
18467,396,701
18468,400,697
18469,405,629
18470,409,637
18471,414,636
18472,418,637
18473,423,626
18474,427,629
18475,432,729
18476,436,625
18477,441,611
18478,445,598
18479,450,603
18480,285,464
18481,289,408
18482,294,374
18483,298,319
18484,303,293
18485,307,290
18486,312,291
18487,316,322
18488,321,333
18489,325,374
18490,330,433
18491,334,453
18492,339,441
18493,343,437
18494,348,420
18495,352,420
18496,357,420
18497,361,409
18498,366,412
18499,370,529
18500,375,445
18501,379,431
18502,384,431
18503,388,433
18504,288,365
18505,292,340
18506,297,314
18507,301,308
18508,306,290
18509,310,283
18510,315,290
18511,319,321
18512,324,333
18513,328,357
18514,333,395
18515,337,438
18516,342,434
18517,346,438
18518,351,419
18519,355,418
18520,360,418
18521,364,408
18522,369,427
18523,373,592
18524,378,496
18525,382,466
18526,387,466
18527,391,456
18528,350,437
18529,354,392
18530,359,377
18531,363,338
18532,368,328
18533,372,321
18534,377,331
18535,381,368
18536,386,392
18537,390,468
18538,395,709
18539,399,773
18540,404,769
18541,408,705
18542,413,713
18543,417,712
18544,422,713
18545,426,702
18546,431,707
18547,435,810
18548,440,706
18549,444,686
18550,449,673
18551,453,664
18552,350,494
18553,354,435
18554,359,424
18555,363,338
18556,368,315
18557,372,307
18558,377,311
18559,381,355
18560,386,380
18561,390,498
18562,395,739
18563,399,765
18564,404,755
18565,408,695
18566,413,699
18567,417,698
18568,422,696
18569,426,685
18570,431,693
18571,435,795
18572,440,691
18573,444,643
18574,449,630
18575,453,633
18576,350,490
18577,354,432
18578,359,422
18579,363,336
18580,368,321
18581,372,313
18582,377,334
18583,381,351
18584,386,375
18585,390,493
18586,395,734
18587,399,759
18588,404,750
18589,408,685
18590,413,689
18591,417,689
18592,422,686
18593,426,676
18594,431,683
18595,435,786
18596,440,682
18597,444,629
18598,449,616
18599,453,618
18600,350,505
18601,354,447
18602,359,437
18603,363,350
18604,368,331
18605,372,323
18606,377,327
18607,382,365
18608,386,390
18609,391,475
18610,395,645
18611,400,670
18612,404,661
18613,409,597
18614,413,606
18615,418,606
18616,422,603
18617,427,593
18618,431,600
18619,436,703
18620,440,599
18621,445,574
18622,449,560
18623,454,563
18624,350,502
18625,355,439
18626,359,430
18627,364,343
18628,368,324
18629,373,317
18630,377,321
18631,382,358
18632,386,383
18633,391,468
18634,395,639
18635,400,667
18636,404,658
18637,409,593
18638,413,603
18639,418,602
18640,422,600
18641,427,589
18642,431,594
18643,436,694
18644,440,591
18645,445,576
18646,449,563
18647,454,565
18648,288,435
18649,293,378
18650,297,345
18651,302,290
18652,306,277
18653,311,273
18654,315,274
18655,320,305
18656,324,317
18657,329,327
18658,333,387
18659,338,395
18660,342,385
18661,347,385
18662,351,365
18663,356,364
18664,360,362
18665,365,351
18666,369,355
18667,374,454
18668,378,370
18669,383,356
18670,387,356
18671,392,354
18672,292,372
18673,297,347
18674,301,320
18675,306,315
18676,310,297
18677,315,290
18678,319,297
18679,324,328
18680,328,339
18681,333,386
18682,337,425
18683,342,425
18684,346,415
18685,351,421
18686,355,400
18687,360,399
18688,364,399
18689,369,389
18690,373,408
18691,378,572
18692,382,468
18693,387,438
18694,391,438
18695,396,425
18696,354,445
18697,359,395
18698,363,380
18699,368,341
18700,372,330
18701,377,323
18702,381,333
18703,386,370
18704,390,395
18705,395,506
18706,399,747
18707,404,768
18708,408,758
18709,413,698
18710,417,702
18711,422,701
18712,426,699
18713,431,688
18714,435,695
18715,440,798
18716,444,693
18717,449,673
18718,453,659
18719,458,650
18720,354,513
18721,359,449
18722,363,439
18723,368,352
18724,372,329
18725,377,321
18726,381,325
18727,386,369
18728,390,394
18729,395,512
18730,399,753
18731,404,779
18732,408,770
18733,413,709
18734,417,713
18735,422,713
18736,426,710
18737,431,700
18738,435,707
18739,440,809
18740,444,704
18741,449,656
18742,453,643
18743,458,653
18744,354,503
18745,359,450
18746,363,440
18747,368,353
18748,372,339
18749,377,331
18750,381,352
18751,386,368
18752,390,393
18753,395,511
18754,399,752
18755,404,777
18756,408,768
18757,413,703
18758,417,708
18759,422,707
18760,426,705
18761,431,694
18762,435,701
18763,440,803
18764,444,698
18765,449,645
18766,453,632
18767,458,642
18768,354,515
18769,359,455
18770,363,446
18771,368,359
18772,372,340
18773,377,332
18774,381,336
18775,386,374
18776,390,399
18777,395,484
18778,399,654
18779,404,679
18780,408,670
18781,413,605
18782,417,610
18783,422,609
18784,426,607
18785,431,596
18786,435,603
18787,440,705
18788,444,600
18789,449,574
18790,453,561
18791,458,572
18792,354,523
18793,359,445
18794,363,435
18795,368,349
18796,372,330
18797,377,323
18798,381,327
18799,386,364
18800,390,389
18801,395,474
18802,399,644
18803,404,673
18804,408,663
18805,413,599
18806,417,603
18807,422,602
18808,426,600
18809,431,590
18810,435,594
18811,440,694
18812,445,589
18813,449,574
18814,454,561
18815,458,572
18816,293,476
18817,297,404
18818,302,371
18819,306,303
18820,311,290
18821,315,286
18822,320,287
18823,324,318
18824,329,330
18825,333,356
18826,338,452
18827,342,459
18828,347,450
18829,351,449
18830,356,429
18831,360,428
18832,365,426
18833,369,416
18834,374,420
18835,378,493
18836,383,408
18837,387,388
18838,392,388
18839,396,391
18840,297,399
18841,301,373
18842,306,346
18843,310,328
18844,315,310
18845,319,303
18846,324,310
18847,328,341
18848,333,352
18849,337,415
18850,342,490
18851,346,489
18852,351,480
18853,355,486
18854,360,465
18855,364,464
18856,369,464
18857,373,453
18858,378,473
18859,382,611
18860,387,508
18861,391,472
18862,396,472
18863,400,484
18864,358,449
18865,363,389
18866,367,373
18867,372,335
18868,376,318
18869,381,311
18870,385,321
18871,390,359
18872,394,383
18873,399,494
18874,404,735
18875,408,774
18876,413,764
18877,417,704
18878,422,708
18879,426,707
18880,431,705
18881,435,694
18882,440,703
18883,444,806
18884,449,701
18885,453,675
18886,458,662
18887,462,678
18888,359,510
18889,363,436
18890,368,426
18891,372,339
18892,377,316
18893,381,308
18894,386,312
18895,390,356
18896,395,381
18897,399,499
18898,404,740
18899,408,784
18900,413,774
18901,417,714
18902,422,718
18903,426,717
18904,431,715
18905,435,704
18906,440,722
18907,444,824
18908,449,719
18909,453,671
18910,458,658
18911,462,669
18912,359,508
18913,363,435
18914,368,425
18915,372,338
18916,377,324
18917,381,316
18918,386,337
18919,390,353
18920,395,378
18921,399,496
18922,404,737
18923,408,779
18924,413,770
18925,417,705
18926,422,710
18927,426,709
18928,431,707
18929,435,696
18930,440,714
18931,444,818
18932,449,712
18933,453,659
18934,458,646
18935,462,662
18936,359,512
18937,363,439
18938,368,429
18939,372,343
18940,377,323
18941,381,315
18942,386,319
18943,390,357
18944,395,382
18945,399,467
18946,404,637
18947,408,680
18948,413,670
18949,417,606
18950,422,610
18951,426,609
18952,431,607
18953,435,596
18954,440,605
18955,444,709
18956,449,604
18957,453,578
18958,458,565
18959,462,581
18960,359,505
18961,363,427
18962,368,417
18963,372,331
18964,377,311
18965,381,305
18966,386,309
18967,390,346
18968,395,371
18969,399,456
18970,404,626
18971,408,672
18972,413,662
18973,417,598
18974,422,602
18975,426,601
18976,431,599
18977,435,588
18978,440,595
18979,444,696
18980,449,591
18981,453,576
18982,458,563
18983,462,603
18984,297,440
18985,302,368
18986,306,334
18987,311,267
18988,315,253
18989,320,250
18990,324,251
18991,329,282
18992,333,294
18993,338,320
18994,342,397
18995,347,406
18996,351,397
18997,356,412
18998,360,392
18999,365,391
19000,369,389
19001,374,378
19002,378,385
19003,383,465
19004,387,379
19005,392,365
19006,396,387
19007,401,376
19008,301,379
19009,305,360
19010,310,333
19011,314,315
19012,319,297
19013,323,290
19014,328,297
19015,332,328
19016,337,339
19017,342,402
19018,346,458
19019,351,459
19020,355,450
19021,360,472
19022,364,451
19023,369,450
19024,373,450
19025,378,439
19026,382,459
19027,387,603
19028,391,515
19029,396,485
19030,400,485
19031,405,468
19032,363,438
19033,367,384
19034,372,369
19035,376,330
19036,381,314
19037,385,307
19038,390,317
19039,394,354
19040,399,379
19041,403,489
19042,408,731
19043,412,752
19044,417,743
19045,421,699
19046,426,703
19047,430,702
19048,435,700
19049,439,689
19050,444,698
19051,448,802
19052,453,697
19053,457,679
19054,462,665
19055,466,652
19056,356,504
19057,361,437
19058,365,428
19059,370,341
19060,374,302
19061,379,294
19062,383,298
19063,388,352
19064,392,377
19065,397,495
19066,401,736
19067,406,758
19068,410,749
19069,415,704
19070,419,709
19071,424,708
19072,428,706
19073,433,695
19074,437,714
19075,442,812
19076,446,702
19077,451,656
19078,455,643
19079,460,643
19080,356,502
19081,361,436
19082,365,427
19083,370,340
19084,374,319
19085,379,312
19086,383,333
19087,388,349
19088,392,374
19089,397,492
19090,401,733
19091,406,759
19092,410,749
19093,415,701
19094,419,705
19095,424,704
19096,428,702
19097,433,692
19098,437,711
19099,442,809
19100,446,699
19101,451,647
19102,455,672
19103,460,725
19104,356,502
19105,361,436
19106,365,427
19107,370,340
19108,374,315
19109,379,307
19110,383,311
19111,388,349
19112,392,374
19113,397,459
19114,401,629
19115,406,655
19116,410,645
19117,415,597
19118,419,602
19119,424,601
19120,428,599
19121,433,588
19122,437,607
19123,442,705
19124,446,595
19125,451,571
19126,455,596
19127,460,649
19128,356,497
19129,361,426
19130,365,417
19131,370,330
19132,375,304
19133,379,298
19134,384,302
19135,388,339
19136,393,364
19137,397,449
19138,402,619
19139,406,649
19140,411,639
19141,415,591
19142,420,595
19143,424,595
19144,429,592
19145,433,582
19146,438,598
19147,442,694
19148,447,584
19149,451,571
19150,456,597
19151,460,674
19152,313,451
19153,318,395
19154,322,361
19155,327,306
19156,331,280
19157,336,277
19158,340,278
19159,345,309
19160,349,320
19161,354,361
19162,358,420
19163,363,440
19164,367,427
19165,372,427
19166,376,407
19167,381,406
19168,385,406
19169,390,395
19170,394,399
19171,399,516
19172,403,432
19173,408,418
19174,412,418
19175,417,426
19176,317,370
19177,322,345
19178,326,319
19179,331,314
19180,335,306
19181,340,299
19182,344,306
19183,349,329
19184,353,340
19185,358,364
19186,362,403
19187,367,445
19188,371,441
19189,376,445
19190,380,427
19191,385,426
19192,389,426
19193,394,415
19194,398,435
19195,403,600
19196,407,504
19197,412,473
19198,416,473
19199,421,465
19200,379,427
19201,383,381
19202,388,379
19203,392,340
19204,397,337
19205,401,330
19206,406,339
19207,410,368
19208,415,393
19209,419,469
19210,424,710
19211,428,773
19212,433,769
19213,437,708
19214,442,713
19215,447,712
19216,451,712
19217,456,702
19218,460,707
19219,465,810
19220,469,707
19221,474,686
19222,478,673
19223,483,674
19224,379,520
19225,384,461
19226,388,451
19227,393,365
19228,397,329
19229,402,321
19230,406,325
19231,411,369
19232,415,394
19233,420,477
19234,424,718
19235,429,786
19236,433,782
19237,438,721
19238,442,726
19239,447,725
19240,451,725
19241,456,715
19242,460,720
19243,465,823
19244,469,719
19245,474,671
19246,478,658
19247,483,670
19248,378,494
19249,383,436
19250,387,426
19251,392,339
19252,396,325
19253,401,317
19254,405,338
19255,410,354
19256,414,379
19257,419,497
19258,423,738
19259,428,774
19260,432,770
19261,437,706
19262,441,711
19263,446,710
19264,450,710
19265,455,700
19266,460,705
19267,464,808
19268,469,704
19269,473,651
19270,478,638
19271,482,650
19272,379,497
19273,383,438
19274,388,429
19275,392,342
19276,397,323
19277,401,315
19278,406,319
19279,410,357
19280,415,382
19281,419,467
19282,424,637
19283,428,673
19284,433,669
19285,437,605
19286,442,610
19287,446,609
19288,451,609
19289,455,599
19290,460,605
19291,464,707
19292,469,603
19293,473,578
19294,478,564
19295,482,574
19296,379,486
19297,383,423
19298,388,414
19299,392,327
19300,397,308
19301,401,301
19302,406,305
19303,410,342
19304,415,367
19305,419,452
19306,424,623
19307,428,650
19308,433,641
19309,437,580
19310,442,581
19311,446,580
19312,451,580
19313,455,569
19314,460,572
19315,464,672
19316,469,568
19317,473,554
19318,478,541
19319,482,550
19320,317,432
19321,321,375
19322,326,342
19323,330,287
19324,335,273
19325,339,270
19326,344,271
19327,348,302
19328,353,314
19329,357,324
19330,362,384
19331,366,391
19332,371,373
19333,375,375
19334,380,352
19335,384,351
19336,389,351
19337,393,341
19338,398,344
19339,402,438
19340,407,354
19341,411,340
19342,416,340
19343,420,346
19344,321,367
19345,325,342
19346,330,315
19347,334,310
19348,339,292
19349,343,285
19350,348,292
19351,352,323
19352,357,334
19353,361,382
19354,366,420
19355,370,420
19356,375,411
19357,379,417
19358,384,401
19359,388,400
19360,393,400
19361,397,390
19362,402,409
19363,406,573
19364,411,477
19365,415,447
19366,420,447
19367,424,435
19368,383,439
19369,387,393
19370,392,378
19371,396,339
19372,401,328
19373,405,321
19374,410,331
19375,414,368
19376,419,393
19377,423,503
19378,428,744
19379,432,765
19380,437,755
19381,441,698
19382,446,705
19383,450,704
19384,455,704
19385,459,693
19386,464,699
19387,468,802
19388,473,698
19389,477,678
19390,482,665
19391,486,662
19392,383,507
19393,387,448
19394,392,438
19395,396,351
19396,401,329
19397,405,321
19398,410,325
19399,414,369
19400,419,393
19401,423,511
19402,428,753
19403,432,778
19404,437,768
19405,441,711
19406,446,712
19407,450,712
19408,455,712
19409,459,701
19410,464,707
19411,468,809
19412,473,705
19413,477,657
19414,482,644
19415,486,652
19416,383,504
19417,387,446
19418,392,436
19419,396,349
19420,401,335
19421,405,327
19422,410,348
19423,414,364
19424,419,389
19425,423,507
19426,428,748
19427,432,772
19428,437,763
19429,441,702
19430,446,703
19431,450,702
19432,455,702
19433,459,692
19434,464,697
19435,468,799
19436,473,696
19437,477,643
19438,482,630
19439,486,638
19440,383,508
19441,387,446
19442,392,436
19443,396,349
19444,401,330
19445,405,322
19446,410,326
19447,414,364
19448,419,389
19449,423,474
19450,428,644
19451,432,668
19452,437,659
19453,441,598
19454,446,599
19455,450,599
19456,455,599
19457,459,588
19458,464,594
19459,468,696
19460,473,590
19461,477,565
19462,482,552
19463,486,560
19464,383,494
19465,387,435
19466,392,426
19467,396,339
19468,401,320
19469,405,313
19470,410,317
19471,414,355
19472,419,379
19473,423,465
19474,428,635
19475,432,662
19476,437,653
19477,442,592
19478,446,593
19479,451,592
19480,455,592
19481,460,582
19482,464,585
19483,469,685
19484,473,579
19485,478,565
19486,482,552
19487,487,569
19488,321,421
19489,326,369
19490,330,336
19491,335,281
19492,339,268
19493,344,264
19494,348,265
19495,353,297
19496,357,308
19497,362,334
19498,366,430
19499,371,437
19500,375,428
19501,380,430
19502,384,407
19503,389,406
19504,393,406
19505,398,396
19506,402,399
19507,407,487
19508,411,402
19509,416,388
19510,420,388
19511,425,392
19512,325,384
19513,330,358
19514,334,331
19515,339,326
19516,343,308
19517,348,301
19518,352,308
19519,357,339
19520,361,350
19521,366,413
19522,370,488
19523,375,487
19524,379,478
19525,384,484
19526,388,463
19527,393,462
19528,397,462
19529,402,451
19530,406,471
19531,411,610
19532,415,506
19533,420,475
19534,424,475
19535,429,483
19536,387,459
19537,392,399
19538,396,383
19539,401,345
19540,405,334
19541,410,327
19542,414,337
19543,419,374
19544,423,398
19545,428,509
19546,432,750
19547,437,771
19548,441,761
19549,446,704
19550,450,705
19551,455,704
19552,459,704
19553,464,694
19554,468,699
19555,473,802
19556,477,697
19557,482,677
19558,486,664
19559,491,681
19560,387,528
19561,392,454
19562,396,444
19563,401,357
19564,405,334
19565,410,327
19566,414,331
19567,419,375
19568,423,399
19569,428,517
19570,432,758
19571,437,784
19572,441,774
19573,446,717
19574,450,718
19575,455,717
19576,459,717
19577,464,707
19578,468,712
19579,473,815
19580,477,709
19581,482,656
19582,486,643
19583,491,666
19584,387,525
19585,392,451
19586,396,442
19587,401,355
19588,405,341
19589,410,333
19590,414,354
19591,419,370
19592,423,395
19593,428,513
19594,432,754
19595,437,778
19596,441,769
19597,446,708
19598,450,709
19599,455,708
19600,459,708
19601,464,697
19602,468,703
19603,473,805
19604,477,700
19605,482,642
19606,486,629
19607,491,651
19608,387,507
19609,392,434
19610,396,424
19611,401,338
19612,405,318
19613,410,311
19614,414,314
19615,419,353
19616,423,377
19617,428,463
19618,432,633
19619,437,674
19620,441,665
19621,446,604
19622,450,605
19623,455,604
19624,459,604
19625,464,594
19626,468,599
19627,473,702
19628,477,596
19629,482,566
19630,486,553
19631,491,575
19632,387,499
19633,392,421
19634,396,411
19635,401,325
19636,405,306
19637,410,299
19638,414,303
19639,419,340
19640,423,365
19641,428,450
19642,432,620
19643,437,666
19644,441,656
19645,446,595
19646,450,597
19647,455,596
19648,459,596
19649,464,585
19650,468,597
19651,473,697
19652,477,592
19653,482,577
19654,486,564
19655,491,582
19656,326,445
19657,330,373
19658,335,340
19659,339,272
19660,344,259
19661,348,255
19662,353,256
19663,357,287
19664,362,299
19665,366,325
19666,371,403
19667,375,427
19668,380,417
19669,384,420
19670,389,397
19671,393,396
19672,398,396
19673,402,386
19674,407,398
19675,411,478
19676,416,393
19677,420,378
19678,425,378
19679,429,388
19680,329,374
19681,334,348
19682,339,321
19683,343,303
19684,348,285
19685,352,278
19686,357,285
19687,361,316
19688,366,327
19689,370,390
19690,375,446
19691,379,463
19692,384,454
19693,388,460
19694,393,439
19695,397,438
19696,402,438
19697,406,427
19698,411,447
19699,415,591
19700,420,503
19701,424,473
19702,429,473
19703,433,487
19704,391,447
19705,396,387
19706,400,372
19707,405,333
19708,409,317
19709,414,310
19710,418,319
19711,423,357
19712,427,381
19713,432,492
19714,436,733
19715,441,771
19716,445,761
19717,450,704
19718,454,705
19719,459,704
19720,463,704
19721,468,694
19722,472,699
19723,477,804
19724,481,698
19725,486,678
19726,490,665
19727,495,688
19728,391,504
19729,396,430
19730,400,420
19731,405,333
19732,409,300
19733,414,293
19734,418,297
19735,423,351
19736,427,375
19737,432,493
19738,436,734
19739,441,760
19740,445,751
19741,450,710
19742,454,711
19743,459,710
19744,464,710
19745,468,700
19746,473,705
19747,477,809
19748,482,699
19749,486,651
19750,491,638
19751,495,634
19752,392,511
19753,396,445
19754,401,436
19755,405,349
19756,410,335
19757,414,327
19758,419,348
19759,423,364
19760,428,389
19761,432,507
19762,437,748
19763,441,773
19764,446,764
19765,450,719
19766,455,720
19767,459,719
19768,464,719
19769,468,709
19770,473,714
19771,477,818
19772,482,712
19773,486,661
19774,491,648
19775,495,643
19776,392,504
19777,396,438
19778,401,429
19779,405,342
19780,410,316
19781,414,309
19782,419,313
19783,423,351
19784,428,375
19785,432,461
19786,437,631
19787,441,656
19788,446,646
19789,450,601
19790,455,603
19791,459,602
19792,464,602
19793,468,591
19794,473,597
19795,477,701
19796,482,595
19797,486,572
19798,491,559
19799,495,553
19800,385,495
19801,390,424
19802,394,414
19803,399,328
19804,403,302
19805,408,296
19806,412,300
19807,417,337
19808,421,362
19809,426,447
19810,430,617
19811,435,646
19812,439,636
19813,444,591
19814,448,593
19815,453,592
19816,457,592
19817,462,581
19818,466,595
19819,471,690
19820,475,580
19821,480,568
19822,484,555
19823,489,563
19824,323,445
19825,328,380
19826,332,347
19827,337,279
19828,341,259
19829,346,256
19830,350,257
19831,355,288
19832,359,300
19833,364,326
19834,368,403
19835,373,411
19836,377,402
19837,382,421
19838,386,398
19839,391,397
19840,395,397
19841,400,386
19842,404,400
19843,409,474
19844,413,384
19845,418,371
19846,422,371
19847,427,429
19848,327,359
19849,332,340
19850,336,314
19851,341,295
19852,345,277
19853,350,270
19854,354,277
19855,359,308
19856,363,320
19857,368,383
19858,372,428
19859,377,428
19860,381,419
19861,386,441
19862,390,420
19863,395,419
19864,399,419
19865,404,408
19866,408,450
19867,413,547
19868,417,440
19869,422,426
19870,426,426
19871,431,478
19872,353,423
19873,357,378
19874,362,375
19875,366,336
19876,371,333
19877,375,326
19878,380,336
19879,384,365
19880,389,389
19881,393,465
19882,398,620
19883,402,683
19884,407,679
19885,411,704
19886,416,710
19887,420,709
19888,425,709
19889,429,698
19890,434,704
19891,438,807
19892,443,703
19893,447,683
19894,452,670
19895,456,671
19896,353,527
19897,357,468
19898,362,458
19899,366,371
19900,371,335
19901,375,328
19902,380,332
19903,384,376
19904,389,400
19905,393,483
19906,398,724
19907,402,792
19908,407,788
19909,411,728
19910,416,733
19911,420,732
19912,425,732
19913,429,721
19914,434,727
19915,438,829
19916,443,725
19917,447,678
19918,452,664
19919,456,676
19920,353,514
19921,357,455
19922,362,446
19923,366,359
19924,371,332
19925,375,324
19926,380,345
19927,384,361
19928,389,386
19929,393,504
19930,398,745
19931,402,781
19932,407,777
19933,411,713
19934,416,718
19935,420,717
19936,425,717
19937,430,707
19938,434,712
19939,439,815
19940,443,711
19941,448,658
19942,452,645
19943,457,657
19944,353,514
19945,358,455
19946,362,446
19947,367,359
19948,371,327
19949,376,319
19950,380,323
19951,385,361
19952,389,386
19953,394,489
19954,398,659
19955,403,695
19956,407,691
19957,412,627
19958,416,632
19959,421,631
19960,425,631
19961,430,621
19962,434,626
19963,439,729
19964,443,625
19965,448,599
19966,452,586
19967,457,598
19968,352,493
19969,357,430
19970,361,421
19971,366,334
19972,370,315
19973,375,308
19974,379,312
19975,384,350
19976,388,374
19977,393,478
19978,397,648
19979,402,687
19980,406,683
19981,411,619
19982,415,624
19983,420,623
19984,424,623
19985,429,613
19986,433,616
19987,438,716
19988,443,612
19989,447,598
19990,452,585
19991,456,597
19992,291,442
19993,295,385
19994,300,351
19995,304,297
19996,309,283
19997,313,280
19998,318,281
19999,322,312
20000,327,323
20001,331,346
20002,336,406
20003,340,425
20004,345,412
20005,349,412
20006,354,392
20007,358,392
20008,363,392
20009,367,381
20010,372,384
20011,376,501
20012,381,417
20013,385,403
20014,390,403
20015,394,409
20016,295,351
20017,299,326
20018,304,300
20019,308,294
20020,313,276
20021,317,269
20022,322,276
20023,326,307
20024,331,318
20025,335,378
20026,340,416
20027,344,416
20028,349,407
20029,353,413
20030,358,391
20031,362,390
20032,367,390
20033,371,380
20034,376,400
20035,380,564
20036,385,468
20037,389,438
20038,394,438
20039,398,427
20040,356,422
20041,361,377
20042,365,362
20043,370,323
20044,374,312
20045,379,305
20046,383,315
20047,388,352
20048,392,377
20049,397,487
20050,402,728
20051,406,749
20052,411,739
20053,415,682
20054,420,683
20055,424,682
20056,429,682
20057,433,671
20058,438,677
20059,442,780
20060,447,677
20061,451,656
20062,456,643
20063,460,641
20064,357,506
20065,361,447
20066,366,437
20067,370,350
20068,375,327
20069,379,319
20070,384,323
20071,388,368
20072,393,392
20073,397,510
20074,402,751
20075,406,776
20076,411,767
20077,415,710
20078,420,717
20079,424,716
20080,429,716
20081,433,705
20082,438,711
20083,442,813
20084,447,709
20085,451,662
20086,456,648
20087,460,658
20088,357,504
20089,361,446
20090,366,436
20091,370,349
20092,375,335
20093,379,327
20094,384,348
20095,388,364
20096,393,389
20097,397,507
20098,402,748
20099,406,772
20100,411,763
20101,415,702
20102,420,709
20103,424,708
20104,429,708
20105,433,697
20106,438,703
20107,442,805
20108,447,701
20109,451,648
20110,456,635
20111,460,643
20112,357,504
20113,361,446
20114,366,436
20115,370,349
20116,375,330
20117,379,322
20118,384,326
20119,388,364
20120,393,389
20121,397,474
20122,402,644
20123,406,668
20124,411,659
20125,415,598
20126,420,599
20127,424,599
20128,429,599
20129,433,588
20130,438,594
20131,442,696
20132,447,592
20133,451,567
20134,456,554
20135,460,562
20136,357,500
20137,361,437
20138,366,427
20139,370,341
20140,375,321
20141,379,315
20142,384,319
20143,388,356
20144,393,381
20145,397,466
20146,402,636
20147,406,664
20148,411,654
20149,415,593
20150,420,595
20151,424,594
20152,429,594
20153,433,583
20154,438,586
20155,442,686
20156,447,583
20157,451,568
20158,456,555
20159,460,563
20160,295,410
20161,300,364
20162,304,331
20163,309,276
20164,313,263
20165,318,260
20166,322,261
20167,327,292
20168,331,303
20169,336,314
20170,340,374
20171,345,381
20172,349,371
20173,354,374
20174,358,351
20175,363,350
20176,367,350
20177,372,339
20178,376,343
20179,381,450
20180,385,364
20181,390,350
20182,394,350
20183,399,354
20184,299,363
20185,303,334
20186,308,307
20187,312,301
20188,317,283
20189,321,276
20190,326,283
20191,330,314
20192,335,326
20193,340,373
20194,344,412
20195,349,411
20196,353,402
20197,358,408
20198,362,387
20199,367,386
20200,371,386
20201,376,375
20202,380,395
20203,385,567
20204,389,464
20205,394,433
20206,398,433
20207,403,441
20208,361,435
20209,365,394
20210,370,379
20211,374,340
20212,379,330
20213,383,323
20214,388,332
20215,392,370
20216,397,394
20217,401,505
20218,406,746
20219,410,766
20220,415,757
20221,419,700
20222,424,701
20223,428,700
20224,433,700
20225,437,690
20226,442,695
20227,446,798
20228,451,693
20229,455,673
20230,460,660
20231,464,677
20232,361,517
20233,365,456
20234,370,445
20235,374,359
20236,379,336
20237,383,328
20238,388,332
20239,392,376
20240,397,401
20241,401,519
20242,406,760
20243,410,785
20244,415,776
20245,419,718
20246,424,720
20247,428,719
20248,433,719
20249,437,708
20250,442,714
20251,446,816
20252,451,711
20253,455,663
20254,460,650
20255,465,667
20256,361,525
20257,365,451
20258,370,442
20259,375,355
20260,379,341
20261,384,333
20262,388,354
20263,393,370
20264,397,395
20265,402,513
20266,406,754
20267,411,778
20268,415,769
20269,420,708
20270,424,709
20271,429,708
20272,433,708
20273,438,697
20274,442,703
20275,447,805
20276,451,700
20277,456,647
20278,460,634
20279,465,651
20280,361,525
20281,366,451
20282,370,442
20283,375,355
20284,379,336
20285,384,328
20286,388,332
20287,393,370
20288,397,395
20289,402,480
20290,406,650
20291,411,674
20292,415,665
20293,420,604
20294,424,605
20295,429,604
20296,433,604
20297,438,594
20298,442,599
20299,447,702
20300,451,596
20301,456,566
20302,460,553
20303,465,575
20304,361,521
20305,366,443
20306,370,433
20307,375,347
20308,379,327
20309,384,321
20310,388,325
20311,393,362
20312,397,387
20313,402,472
20314,406,642
20315,411,670
20316,415,660
20317,420,599
20318,424,601
20319,429,600
20320,433,600
20321,438,589
20322,442,592
20323,447,692
20324,451,587
20325,456,568
20326,460,554
20327,465,577
20328,299,453
20329,304,381
20330,308,348
20331,313,280
20332,317,267
20333,322,263
20334,326,264
20335,331,296
20336,335,307
20337,340,333
20338,344,429
20339,349,453
20340,353,444
20341,358,447
20342,363,424
20343,367,423
20344,372,423
20345,376,412
20346,381,415
20347,385,489
20348,390,403
20349,394,384
20350,399,384
20351,403,393
20352,303,370
20353,308,343
20354,312,317
20355,317,298
20356,321,280
20357,326,273
20358,330,280
20359,335,311
20360,339,322
20361,344,386
20362,348,460
20363,353,477
20364,357,468
20365,362,474
20366,366,453
20367,371,452
20368,375,452
20369,380,441
20370,384,470
20371,389,614
20372,393,526
20373,398,496
20374,402,496
20375,407,504
20376,365,443
20377,370,382
20378,374,367
20379,379,328
20380,383,312
20381,388,305
20382,392,315
20383,397,352
20384,401,377
20385,406,487
20386,410,729
20387,415,766
20388,419,757
20389,424,699
20390,428,701
20391,433,700
20392,437,700
20393,442,689
20394,446,704
20395,451,808
20396,455,703
20397,460,683
20398,464,670
20399,469,693
20400,365,511
20401,370,437
20402,374,426
20403,379,340
20404,383,317
20405,388,309
20406,392,313
20407,397,357
20408,401,382
20409,406,500
20410,410,741
20411,415,783
20412,419,774
20413,424,716
20414,428,718
20415,433,717
20416,437,717
20417,442,706
20418,446,712
20419,451,816
20420,455,710
20421,460,662
20422,464,649
20423,469,673
20424,365,510
20425,370,437
20426,374,427
20427,379,341
20428,383,326
20429,388,318
20430,392,339
20431,397,356
20432,401,380
20433,406,498
20434,410,739
20435,415,781
20436,419,771
20437,424,710
20438,428,712
20439,433,711
20440,437,711
20441,442,700
20442,446,706
20443,451,809
20444,455,704
20445,460,651
20446,464,638
20447,469,661
20448,365,503
20449,370,430
20450,374,420
20451,379,334
20452,383,314
20453,388,307
20454,392,311
20455,397,349
20456,401,373
20457,406,459
20458,410,629
20459,415,654
20460,419,644
20461,424,599
20462,428,601
20463,433,600
20464,437,600
20465,442,589
20466,447,595
20467,451,699
20468,456,589
20469,460,563
20470,465,550
20471,469,546
20472,366,504
20473,370,433
20474,375,423
20475,379,337
20476,384,318
20477,388,311
20478,393,315
20479,397,352
20480,402,377
20481,406,462
20482,411,632
20483,415,661
20484,420,651
20485,424,607
20486,429,608
20487,433,607
20488,438,607
20489,442,597
20490,447,600
20491,451,701
20492,456,595
20493,460,583
20494,465,570
20495,469,565
20496,304,441
20497,308,376
20498,313,343
20499,317,275
20500,322,256
20501,326,252
20502,331,253
20503,335,284
20504,340,296
20505,344,322
20506,349,399
20507,353,407
20508,358,398
20509,362,417
20510,367,394
20511,371,393
20512,376,393
20513,380,382
20514,385,386
20515,389,466
20516,394,380
20517,398,368
20518,403,368
20519,407,359
20520,301,359
20521,306,340
20522,310,314
20523,315,295
20524,319,277
20525,324,270
20526,328,277
20527,333,308
20528,337,320
20529,342,383
20530,346,428
20531,351,428
20532,355,419
20533,360,441
20534,364,420
20535,369,419
20536,373,419
20537,378,408
20538,382,450
20539,387,547
20540,391,440
20541,396,426
20542,400,426
20543,405,425
20544,363,432
20545,367,378
20546,372,364
20547,376,325
20548,381,309
20549,385,302
20550,390,312
20551,394,349
20552,399,374
20553,403,485
20554,408,726
20555,412,747
20556,417,737
20557,421,696
20558,426,698
20559,430,697
20560,435,697
20561,439,686
20562,444,702
20563,448,801
20564,453,691
20565,457,672
20566,462,697
20567,466,758
20568,363,502
20569,367,435
20570,372,425
20571,376,339
20572,381,300
20573,385,292
20574,390,296
20575,394,350
20576,399,375
20577,404,493
20578,408,734
20579,413,755
20580,417,746
20581,422,704
20582,426,706
20583,431,705
20584,435,705
20585,440,694
20586,444,710
20587,449,808
20588,453,698
20589,458,652
20590,462,677
20591,467,738
20592,363,500
20593,368,434
20594,372,424
20595,377,338
20596,381,317
20597,386,309
20598,390,330
20599,395,347
20600,399,371
20601,404,489
20602,408,730
20603,413,755
20604,417,746
20605,422,701
20606,426,703
20607,431,702
20608,435,702
20609,440,691
20610,444,707
20611,449,805
20612,453,695
20613,458,644
20614,462,669
20615,467,730
20616,355,531
20617,359,473
20618,364,463
20619,368,376
20620,373,344
20621,377,336
20622,382,340
20623,386,377
20624,391,402
20625,395,505
20626,400,590
20627,404,627
20628,409,623
20629,413,641
20630,418,653
20631,422,651
20632,427,648
20633,431,638
20634,436,630
20635,440,727
20636,445,623
20637,449,597
20638,454,597
20639,458,603
20640,355,526
20641,359,463
20642,364,453
20643,368,367
20644,373,334
20645,377,328
20646,382,332
20647,386,369
20648,391,394
20649,395,497
20650,400,667
20651,404,708
20652,409,704
20653,413,636
20654,418,648
20655,422,646
20656,427,643
20657,431,633
20658,436,635
20659,440,730
20660,445,626
20661,449,612
20662,454,611
20663,458,617
20664,293,468
20665,297,411
20666,302,378
20667,306,323
20668,311,297
20669,315,293
20670,320,294
20671,324,325
20672,329,337
20673,333,377
20674,338,437
20675,342,457
20676,347,444
20677,352,441
20678,356,428
20679,361,426
20680,365,424
20681,370,413
20682,374,416
20683,379,525
20684,383,441
20685,388,427
20686,392,440
20687,397,441
20688,297,376
20689,301,351
20690,306,325
20691,310,319
20692,315,304
20693,319,297
20694,324,304
20695,328,334
20696,333,346
20697,337,370
20698,342,411
20699,346,453
20700,351,449
20701,355,453
20702,360,437
20703,364,434
20704,369,434
20705,373,423
20706,378,443
20707,382,614
20708,387,518
20709,391,487
20710,396,487
20711,400,478
20712,358,450
20713,363,404
20714,367,390
20715,372,351
20716,376,340
20717,381,333
20718,385,343
20719,390,383
20720,394,408
20721,399,483
20722,403,724
20723,408,788
20724,412,784
20725,417,720
20726,421,733
20727,426,730
20728,430,728
20729,435,717
20730,439,709
20731,444,817
20732,448,714
20733,453,693
20734,457,680
20735,462,674
20736,358,524
20737,363,465
20738,367,455
20739,372,369
20740,376,343
20741,381,336
20742,385,340
20743,390,383
20744,394,407
20745,399,490
20746,403,731
20747,408,800
20748,412,796
20749,417,732
20750,421,745
20751,426,742
20752,430,740
20753,435,729
20754,439,721
20755,444,840
20756,448,736
20757,453,688
20758,457,667
20759,462,670
20760,358,505
20761,363,447
20762,367,437
20763,372,351
20764,376,336
20765,381,328
20766,385,349
20767,390,365
20768,394,389
20769,399,507
20770,403,749
20771,408,773
20772,412,764
20773,417,700
20774,421,708
20775,426,705
20776,430,701
20777,435,690
20778,439,685
20779,444,803
20780,448,700
20781,453,647
20782,457,626
20783,462,628
20784,358,505
20785,363,447
20786,367,437
20787,372,351
20788,376,331
20789,381,323
20790,385,327
20791,390,365
20792,394,389
20793,399,475
20794,403,645
20795,408,670
20796,412,660
20797,417,596
20798,421,604
20799,426,602
20800,430,597
20801,435,586
20802,439,581
20803,444,678
20804,448,574
20805,453,548
20806,457,548
20807,462,551
20808,358,502
20809,363,439
20810,367,430
20811,372,343
20812,376,324
20813,381,317
20814,385,321
20815,390,359
20816,394,383
20817,399,469
20818,403,639
20819,408,667
20820,412,658
20821,417,593
20822,421,607
20823,426,605
20824,430,600
20825,435,589
20826,439,595
20827,444,689
20828,448,585
20829,453,571
20830,457,571
20831,462,573
20832,297,438
20833,301,382
20834,306,348
20835,310,293
20836,315,280
20837,319,277
20838,324,278
20839,328,309
20840,333,320
20841,337,331
20842,342,391
20843,346,399
20844,351,389
20845,355,388
20846,360,378
20847,364,376
20848,369,371
20849,373,360
20850,378,365
20851,382,456
20852,387,372
20853,391,358
20854,396,371
20855,400,369
20856,301,373
20857,305,349
20858,310,323
20859,314,317
20860,319,299
20861,323,292
20862,328,299
20863,332,330
20864,337,341
20865,341,389
20866,346,430
20867,350,429
20868,355,419
20869,359,426
20870,364,406
20871,368,404
20872,373,404
20873,377,393
20874,382,413
20875,386,582
20876,391,479
20877,395,448
20878,400,448
20879,404,435
20880,362,456
20881,367,410
20882,371,396
20883,376,357
20884,380,346
20885,385,339
20886,389,349
20887,394,389
20888,398,414
20889,403,524
20890,407,766
20891,412,786
20892,416,777
20893,421,716
20894,425,724
20895,430,722
20896,434,717
20897,439,706
20898,443,700
20899,448,808
20900,452,705
20901,457,684
20902,461,671
20903,466,661
20904,362,532
20905,367,468
20906,371,459
20907,376,372
20908,380,347
20909,385,339
20910,389,343
20911,394,386
20912,398,411
20913,403,529
20914,408,770
20915,412,795
20916,417,786
20917,421,725
20918,426,734
20919,430,731
20920,435,726
20921,439,715
20922,444,710
20923,448,828
20924,453,723
20925,457,675
20926,462,654
20927,466,655
20928,363,524
20929,367,461
20930,372,452
20931,376,365
20932,381,351
20933,385,343
20934,390,364
20935,394,379
20936,399,404
20937,403,522
20938,408,763
20939,412,788
20940,417,779
20941,421,714
20942,426,723
20943,430,720
20944,435,715
20945,439,705
20946,444,699
20947,448,817
20948,453,712
20949,457,659
20950,462,638
20951,466,649
20952,363,514
20953,367,461
20954,372,452
20955,376,365
20956,381,346
20957,385,338
20958,390,342
20959,394,379
20960,399,404
20961,403,489
20962,408,659
20963,412,684
20964,417,675
20965,421,610
20966,426,619
20967,430,616
20968,435,612
20969,439,601
20970,444,595
20971,448,692
20972,453,586
20973,457,561
20974,462,560
20975,466,571
20976,363,509
20977,367,445
20978,372,435
20979,376,349
20980,381,329
20981,385,323
20982,390,327
20983,394,364
20984,399,389
20985,403,474
20986,408,644
20987,412,672
20988,417,663
20989,421,599
20990,426,607
20991,430,605
20992,435,600
20993,439,589
20994,444,594
20995,448,688
20996,453,582
20997,457,568
20998,462,568
20999,466,579
21000,301,465
21001,306,393
21002,310,359
21003,315,305
21004,319,291
21005,324,288
21006,328,289
21007,333,320
21008,337,332
21009,342,358
21010,346,454
21011,351,461
21012,355,452
21013,360,451
21014,364,436
21015,369,433
21016,373,428
21017,378,418
21018,382,422
21019,387,487
21020,391,402
21021,396,387
21022,400,400
21023,405,397
21024,305,399
21025,309,373
21026,314,347
21027,318,328
21028,323,310
21029,327,303
21030,332,310
21031,336,341
21032,341,353
21033,345,416
21034,350,493
21035,354,492
21036,359,482
21037,363,489
21038,368,469
21039,372,466
21040,377,466
21041,381,456
21042,386,476
21043,390,620
21044,395,516
21045,399,480
21046,404,480
21047,408,492
21048,367,475
21049,371,414
21050,376,400
21051,380,361
21052,385,350
21053,389,343
21054,394,353
21055,398,393
21056,403,418
21057,407,529
21058,412,770
21059,416,790
21060,421,781
21061,425,720
21062,430,729
21063,434,726
21064,439,721
21065,443,711
21066,448,705
21067,452,813
21068,457,707
21069,461,682
21070,466,668
21071,470,684
21072,367,525
21073,371,451
21074,376,442
21075,380,355
21076,385,330
21077,389,322
21078,394,326
21079,398,369
21080,403,394
21081,407,512
21082,412,753
21083,416,799
21084,421,790
21085,425,729
21086,430,738
21087,434,735
21088,439,730
21089,443,720
21090,448,716
21091,452,834
21092,457,729
21093,461,676
21094,466,655
21095,470,671
21096,367,522
21097,371,449
21098,376,439
21099,380,352
21100,385,338
21101,389,330
21102,394,351
21103,398,366
21104,403,391
21105,407,509
21106,412,750
21107,416,796
21108,421,787
21109,425,722
21110,430,731
21111,434,729
21112,439,724
21113,443,713
21114,448,709
21115,452,828
21116,457,722
21117,461,669
21118,466,648
21119,471,659
21120,367,528
21121,371,455
21122,376,446
21123,381,359
21124,385,340
21125,390,332
21126,394,336
21127,399,373
21128,403,398
21129,408,483
21130,412,653
21131,417,695
21132,421,686
21133,426,621
21134,430,630
21135,435,627
21136,439,623
21137,444,612
21138,448,608
21139,453,702
21140,457,597
21141,462,571
21142,466,571
21143,471,586
21144,367,507
21145,372,429
21146,376,419
21147,381,333
21148,385,314
21149,390,307
21150,394,311
21151,399,348
21152,403,373
21153,408,458
21154,412,628
21155,417,674
21156,421,665
21157,426,600
21158,430,609
21159,435,606
21160,439,601
21161,444,591
21162,448,597
21163,453,689
21164,457,583
21165,462,569
21166,466,569
21167,471,609
21168,305,453
21169,310,381
21170,314,348
21171,319,280
21172,323,267
21173,328,264
21174,332,265
21175,337,296
21176,341,307
21177,346,334
21178,350,411
21179,355,436
21180,359,427
21181,364,426
21182,368,410
21183,373,408
21184,377,403
21185,382,392
21186,386,398
21187,391,470
21188,395,384
21189,400,370
21190,404,383
21191,409,389
21192,309,378
21193,314,351
21194,318,325
21195,323,307
21196,327,289
21197,332,282
21198,336,289
21199,341,320
21200,345,331
21201,350,387
21202,354,446
21203,359,446
21204,363,437
21205,368,459
21206,372,440
21207,377,437
21208,381,437
21209,386,426
21210,390,446
21211,395,596
21212,399,509
21213,404,478
21214,408,477
21215,413,462
21216,371,464
21217,376,410
21218,380,396
21219,385,357
21220,389,341
21221,394,334
21222,398,344
21223,403,384
21224,407,409
21225,412,519
21226,416,761
21227,421,782
21228,425,772
21229,430,728
21230,434,737
21231,439,734
21232,443,729
21233,448,719
21234,452,715
21235,457,823
21236,461,718
21237,466,699
21238,470,686
21239,475,673
21240,371,523
21241,376,456
21242,380,446
21243,385,360
21244,389,318
21245,394,310
21246,398,314
21247,403,367
21248,407,392
21249,412,510
21250,416,751
21251,421,777
21252,425,768
21253,430,724
21254,434,732
21255,439,730
21256,443,725
21257,448,714
21258,452,710
21259,457,829
21260,461,724
21261,466,678
21262,470,657
21263,475,644
21264,365,516
21265,369,450
21266,374,440
21267,378,354
21268,383,333
21269,387,325
21270,392,346
21271,396,362
21272,401,386
21273,405,504
21274,410,745
21275,414,771
21276,419,762
21277,423,714
21278,428,722
21279,432,720
21280,437,715
21281,441,704
21282,446,711
21283,450,824
21284,455,714
21285,459,663
21286,464,642
21287,468,642
21288,365,516
21289,369,450
21290,374,440
21291,378,354
21292,383,328
21293,387,320
21294,392,324
21295,396,362
21296,401,386
21297,405,472
21298,410,642
21299,414,667
21300,419,658
21301,423,610
21302,428,619
21303,432,616
21304,437,611
21305,441,600
21306,446,607
21307,450,699
21308,455,588
21309,459,565
21310,464,603
21311,468,655
21312,365,497
21313,369,426
21314,374,416
21315,378,330
21316,383,304
21317,387,298
21318,392,302
21319,396,339
21320,401,364
21321,405,449
21322,410,619
21323,414,648
21324,419,639
21325,423,591
21326,428,600
21327,432,597
21328,437,592
21329,441,581
21330,446,598
21331,450,688
21332,455,577
21333,459,565
21334,464,603
21335,468,680
21336,303,444
21337,308,379
21338,312,346
21339,317,278
21340,321,259
21341,326,255
21342,330,256
21343,335,287
21344,339,299
21345,344,325
21346,348,403
21347,353,411
21348,357,402
21349,362,407
21350,366,402
21351,371,399
21352,375,394
21353,380,384
21354,384,400
21355,389,466
21356,393,376
21357,398,363
21358,402,376
21359,407,430
21360,320,371
21361,324,346
21362,329,320
21363,333,314
21364,338,307
21365,342,300
21366,347,307
21367,352,330
21368,356,341
21369,361,365
21370,365,406
21371,370,453
21372,374,449
21373,379,449
21374,383,432
21375,388,430
21376,392,430
21377,397,419
21378,401,439
21379,406,610
21380,410,513
21381,415,483
21382,419,483
21383,424,473
21384,382,456
21385,386,410
21386,391,407
21387,395,368
21388,400,365
21389,404,358
21390,409,368
21391,413,396
21392,418,421
21393,422,496
21394,427,737
21395,431,801
21396,436,797
21397,440,733
21398,445,746
21399,449,743
21400,454,741
21401,458,730
21402,463,723
21403,467,834
21404,472,731
21405,476,710
21406,481,697
21407,485,691
21408,382,546
21409,386,487
21410,391,477
21411,395,391
21412,400,352
21413,404,344
21414,409,348
21415,413,391
21416,418,416
21417,422,499
21418,427,740
21419,431,809
21420,436,805
21421,440,741
21422,445,753
21423,449,751
21424,454,748
21425,458,738
21426,463,730
21427,467,849
21428,472,745
21429,477,697
21430,481,676
21431,486,682
21432,382,536
21433,387,477
21434,391,468
21435,396,381
21436,400,354
21437,405,346
21438,409,367
21439,414,382
21440,418,407
21441,423,525
21442,427,766
21443,432,803
21444,436,799
21445,441,732
21446,445,744
21447,450,741
21448,454,739
21449,459,728
21450,463,721
21451,468,839
21452,472,736
21453,477,683
21454,481,662
21455,486,667
21456,381,511
21457,386,453
21458,390,443
21459,395,357
21460,399,337
21461,404,329
21462,408,333
21463,413,371
21464,417,395
21465,422,499
21466,426,669
21467,431,706
21468,435,702
21469,440,634
21470,444,647
21471,449,644
21472,453,642
21473,458,631
21474,462,623
21475,467,720
21476,471,616
21477,476,591
21478,480,591
21479,485,596
21480,381,499
21481,386,436
21482,390,426
21483,395,339
21484,400,320
21485,404,314
21486,409,318
21487,413,355
21488,418,380
21489,422,465
21490,427,635
21491,431,676
21492,436,672
21493,440,604
21494,445,616
21495,449,614
21496,454,612
21497,458,601
21498,463,603
21499,467,698
21500,472,594
21501,476,580
21502,481,580
21503,485,582
21504,320,438
21505,324,381
21506,329,347
21507,333,293
21508,338,279
21509,342,276
21510,347,277
21511,351,308
21512,356,320
21513,360,342
21514,365,402
21515,369,410
21516,374,391
21517,378,391
21518,383,375
21519,387,372
21520,392,367
21521,396,357
21522,401,362
21523,405,449
21524,410,365
21525,414,350
21526,419,363
21527,423,362
21528,324,360
21529,328,335
21530,333,309
21531,337,304
21532,342,286
21533,346,279
21534,351,286
21535,355,317
21536,360,328
21537,364,376
21538,369,417
21539,373,412
21540,378,402
21541,382,409
21542,387,389
21543,391,386
21544,396,386
21545,400,375
21546,405,395
21547,409,566
21548,414,470
21549,418,440
21550,423,439
21551,427,427
21552,386,458
21553,390,412
21554,395,398
21555,399,359
21556,404,348
21557,408,341
21558,413,351
21559,417,388
21560,422,412
21561,426,523
21562,431,764
21563,435,781
21564,440,771
21565,444,711
21566,449,725
21567,453,722
21568,458,718
21569,462,707
21570,467,702
21571,471,814
21572,476,710
21573,480,690
21574,485,676
21575,489,668
21576,386,531
21577,390,472
21578,395,462
21579,399,376
21580,404,350
21581,408,343
21582,413,346
21583,417,390
21584,422,414
21585,426,532
21586,431,774
21587,435,795
21588,440,786
21589,444,725
21590,449,739
21591,453,736
21592,458,732
21593,462,721
21594,467,716
21595,471,835
21596,476,731
21597,480,683
21598,485,662
21599,489,663
21600,386,521
21601,390,463
21602,395,453
21603,399,367
21604,404,352
21605,408,344
21606,413,365
21607,417,381
21608,422,405
21609,426,523
21610,431,765
21611,435,789
21612,440,780
21613,444,716
21614,449,724
21615,453,722
21616,458,717
21617,462,706
21618,467,700
21619,471,819
21620,476,715
21621,480,662
21622,485,641
21623,489,643
21624,386,521
21625,390,463
21626,395,453
21627,399,367
21628,404,347
21629,408,339
21630,413,343
21631,417,381
21632,422,405
21633,426,491
21634,431,661
21635,435,686
21636,440,676
21637,444,612
21638,449,621
21639,453,618
21640,458,613
21641,462,603
21642,467,597
21643,471,693
21644,476,589
21645,480,564
21646,485,564
21647,489,565
21648,386,499
21649,390,441
21650,395,431
21651,399,344
21652,404,325
21653,408,319
21654,413,322
21655,417,360
21656,422,384
21657,426,470
21658,431,640
21659,435,668
21660,440,659
21661,444,594
21662,449,603
21663,453,600
21664,458,596
21665,462,585
21666,467,589
21667,471,684
21668,476,578
21669,480,564
21670,485,564
21671,489,565
21672,324,418
21673,329,372
21674,333,338
21675,338,284
21676,342,270
21677,347,267
21678,351,268
21679,356,299
21680,360,311
21681,365,321
21682,369,381
21683,374,389
21684,378,379
21685,383,379
21686,387,363
21687,392,360
21688,396,356
21689,401,345
21690,405,349
21691,410,448
21692,414,363
21693,419,348
21694,423,361
21695,428,359
21696,328,359
21697,333,339
21698,337,313
21699,342,307
21700,346,289
21701,351,282
21702,355,289
21703,360,320
21704,364,332
21705,369,395
21706,373,472
21707,378,471
21708,382,461
21709,387,468
21710,391,448
21711,396,445
21712,400,445
21713,405,435
21714,409,455
21715,414,614
21716,418,510
21717,423,480
21718,427,479
21719,432,487
21720,390,461
21721,394,414
21722,399,400
21723,403,361
21724,408,350
21725,412,343
21726,417,353
21727,421,389
21728,426,414
21729,430,525
21730,435,766
21731,439,786
21732,444,777
21733,448,716
21734,453,725
21735,457,722
21736,462,717
21737,466,707
21738,471,701
21739,475,813
21740,480,707
21741,484,687
21742,489,674
21743,493,684
21744,390,546
21745,394,472
21746,399,463
21747,403,376
21748,408,351
21749,412,343
21750,417,347
21751,422,390
21752,426,415
21753,431,533
21754,435,774
21755,440,799
21756,444,790
21757,449,729
21758,453,738
21759,458,735
21760,462,730
21761,467,720
21762,471,714
21763,476,832
21764,480,727
21765,485,679
21766,489,658
21767,494,669
21768,390,540
21769,395,467
21770,399,457
21771,404,371
21772,408,356
21773,413,348
21774,417,370
21775,422,385
21776,426,410
21777,431,528
21778,435,769
21779,440,794
21780,444,784
21781,449,720
21782,453,728
21783,458,726
21784,462,721
21785,467,710
21786,471,704
21787,476,823
21788,480,718
21789,485,660
21790,489,639
21791,494,655
21792,390,540
21793,395,467
21794,399,457
21795,404,371
21796,408,352
21797,413,344
21798,417,348
21799,422,385
21800,426,410
21801,431,495
21802,435,665
21803,440,690
21804,444,681
21805,449,616
21806,453,625
21807,458,622
21808,462,617
21809,467,607
21810,471,601
21811,476,697
21812,480,592
21813,485,561
21814,489,561
21815,494,577
21816,390,502
21817,395,424
21818,399,414
21819,404,327
21820,408,308
21821,413,302
21822,417,306
21823,422,343
21824,426,367
21825,431,453
21826,435,623
21827,440,672
21828,444,663
21829,449,599
21830,453,607
21831,458,605
21832,462,600
21833,467,589
21834,471,596
21835,476,690
21836,480,584
21837,485,565
21838,489,565
21839,494,581
21840,329,450
21841,333,378
21842,338,345
21843,342,277
21844,347,264
21845,351,260
21846,356,261
21847,360,292
21848,365,304
21849,369,330
21850,374,426
21851,378,455
21852,383,445
21853,387,445
21854,392,429
21855,396,426
21856,401,422
21857,405,411
21858,410,417
21859,414,488
21860,419,402
21861,423,388
21862,428,401
21863,432,398
21864,332,377
21865,337,350
21866,341,324
21867,346,306
21868,350,288
21869,355,281
21870,359,288
21871,364,319
21872,368,330
21873,373,393
21874,377,452
21875,382,468
21876,386,459
21877,391,465
21878,395,445
21879,400,443
21880,404,443
21881,409,432
21882,413,452
21883,418,602
21884,422,514
21885,427,483
21886,431,483
21887,436,495
21888,394,466
21889,399,405
21890,403,391
21891,408,352
21892,412,336
21893,417,329
21894,421,338
21895,426,375
21896,430,399
21897,435,510
21898,439,751
21899,444,789
21900,448,780
21901,453,719
21902,457,727
21903,462,725
21904,466,720
21905,471,709
21906,475,705
21907,480,815
21908,484,709
21909,489,689
21910,493,675
21911,498,691
21912,394,529
21913,399,455
21914,403,445
21915,408,358
21916,412,333
21917,417,325
21918,421,329
21919,426,372
21920,430,397
21921,435,515
21922,439,756
21923,444,799
21924,448,789
21925,453,728
21926,457,737
21927,462,734
21928,466,730
21929,471,719
21930,475,715
21931,480,834
21932,484,729
21933,489,681
21934,493,660
21935,498,676
21936,394,526
21937,399,453
21938,403,443
21939,408,357
21940,412,342
21941,417,334
21942,421,355
21943,426,371
21944,430,395
21945,435,507
21946,439,748
21947,444,774
21948,448,764
21949,453,716
21950,457,725
21951,462,722
21952,466,718
21953,471,707
21954,475,703
21955,480,822
21956,484,717
21957,489,664
21958,494,643
21959,498,630
21960,394,527
21961,399,461
21962,404,451
21963,408,364
21964,413,345
21965,417,337
21966,422,341
21967,426,378
21968,431,403
21969,435,488
21970,440,658
21971,444,684
21972,449,675
21973,453,627
21974,458,635
21975,462,633
21976,467,628
21977,471,617
21978,476,613
21979,480,711
21980,485,605
21981,489,582
21982,494,581
21983,498,568
21984,395,498
21985,399,427
21986,404,417
21987,408,331
21988,413,305
21989,417,299
21990,422,303
21991,426,340
21992,431,365
21993,435,450
21994,440,620
21995,444,650
21996,449,640
21997,453,592
21998,458,601
21999,462,598
22000,467,593
22001,471,583
22002,476,589
22003,480,684
22004,485,578
22005,489,566
22006,494,566
22007,498,577
22008,326,449
22009,331,384
22010,335,351
22011,340,283
22012,344,264
22013,349,260
22014,353,261
22015,358,292
22016,362,304
22017,367,330
22018,371,408
22019,376,416
22020,380,407
22021,385,422
22022,389,407
22023,394,404
22024,398,400
22025,403,389
22026,407,405
22027,412,472
22028,416,381
22029,421,369
22030,425,381
22031,430,382
22032,314,371
22033,318,346
22034,323,320
22035,327,314
22036,332,307
22037,336,300
22038,341,307
22039,345,330
22040,350,341
22041,354,365
22042,359,406
22043,363,453
22044,368,449
22045,372,449
22046,377,432
22047,381,430
22048,386,430
22049,390,419
22050,395,439
22051,399,610
22052,404,513
22053,408,483
22054,413,483
22055,417,473
22056,376,442
22057,380,396
22058,385,394
22059,389,355
22060,394,351
22061,398,344
22062,403,354
22063,407,383
22064,412,408
22065,416,483
22066,421,725
22067,425,788
22068,430,784
22069,434,720
22070,439,733
22071,443,730
22072,448,728
22073,452,717
22074,457,723
22075,461,834
22076,466,731
22077,470,710
22078,475,697
22079,479,691
22080,376,532
22081,380,473
22082,385,463
22083,389,377
22084,394,338
22085,398,331
22086,403,334
22087,407,379
22088,412,403
22089,416,486
22090,421,727
22091,425,796
22092,430,792
22093,434,728
22094,439,740
22095,443,738
22096,448,736
22097,452,725
22098,457,730
22099,461,849
22100,466,745
22101,470,697
22102,475,676
22103,479,682
22104,376,522
22105,380,464
22106,385,454
22107,389,368
22108,394,340
22109,398,332
22110,403,353
22111,407,369
22112,412,394
22113,416,512
22114,421,753
22115,425,790
22116,430,786
22117,434,719
22118,439,731
22119,443,728
22120,448,726
22121,452,716
22122,457,721
22123,461,839
22124,466,736
22125,470,683
22126,475,662
22127,479,667
22128,375,497
22129,380,439
22130,384,430
22131,389,343
22132,393,324
22133,398,316
22134,402,320
22135,407,358
22136,411,382
22137,416,486
22138,420,656
22139,425,693
22140,429,689
22141,434,621
22142,438,634
22143,443,631
22144,447,629
22145,452,618
22146,456,623
22147,461,720
22148,465,616
22149,470,591
22150,474,591
22151,479,596
22152,375,499
22153,380,436
22154,384,426
22155,389,339
22156,393,320
22157,398,314
22158,402,318
22159,407,355
22160,411,380
22161,416,465
22162,420,635
22163,425,676
22164,429,672
22165,434,604
22166,438,616
22167,443,614
22168,447,612
22169,452,601
22170,456,603
22171,461,698
22172,465,594
22173,470,580
22174,474,580
22175,479,582
22176,314,438
22177,318,381
22178,323,347
22179,327,293
22180,332,279
22181,336,276
22182,341,277
22183,345,308
22184,350,320
22185,354,342
22186,359,402
22187,363,410
22188,368,391
22189,372,391
22190,377,375
22191,381,372
22192,386,367
22193,390,357
22194,395,362
22195,399,449
22196,404,365
22197,408,350
22198,413,363
22199,417,362
22200,317,357
22201,322,332
22202,327,305
22203,331,299
22204,336,281
22205,340,274
22206,345,281
22207,349,312
22208,354,324
22209,358,371
22210,363,412
22211,367,412
22212,372,402
22213,376,409
22214,381,389
22215,385,386
22216,390,386
22217,394,375
22218,399,395
22219,403,566
22220,408,470
22221,412,440
22222,417,439
22223,421,427
22224,379,441
22225,384,395
22226,388,380
22227,393,341
22228,397,330
22229,402,323
22230,406,333
22231,411,370
22232,415,395
22233,420,506
22234,424,747
22235,429,768
22236,433,759
22237,438,698
22238,442,712
22239,447,709
22240,451,705
22241,456,694
22242,460,702
22243,465,814
22244,469,710
22245,474,690
22246,478,676
22247,483,668
22248,379,514
22249,384,455
22250,388,444
22251,393,358
22252,397,332
22253,402,324
22254,406,328
22255,411,372
22256,415,397
22257,420,515
22258,424,756
22259,429,782
22260,433,773
22261,438,712
22262,442,726
22263,447,724
22264,452,719
22265,456,708
22266,461,716
22267,465,835
22268,470,731
22269,474,683
22270,479,662
22271,483,663
22272,380,507
22273,384,449
22274,389,439
22275,393,353
22276,398,338
22277,402,331
22278,407,352
22279,411,368
22280,416,392
22281,420,511
22282,425,752
22283,429,777
22284,434,767
22285,438,703
22286,443,711
22287,447,709
22288,452,704
22289,456,693
22290,461,700
22291,465,819
22292,470,715
22293,474,662
22294,479,641
22295,483,643
22296,380,507
22297,384,449
22298,389,439
22299,393,353
22300,398,334
22301,402,326
22302,407,330
22303,411,368
22304,416,392
22305,420,478
22306,425,648
22307,429,673
22308,434,663
22309,438,599
22310,443,608
22311,447,605
22312,452,600
22313,456,590
22314,461,597
22315,465,693
22316,470,589
22317,474,564
22318,479,564
22319,483,565
22320,380,499
22321,384,441
22322,389,431
22323,393,344
22324,398,325
22325,402,319
22326,407,322
22327,411,360
22328,416,384
22329,420,470
22330,425,640
22331,429,668
22332,434,659
22333,438,594
22334,443,603
22335,447,600
22336,452,596
22337,456,585
22338,461,589
22339,465,684
22340,470,578
22341,474,564
22342,479,564
22343,483,565
22344,318,418
22345,322,372
22346,327,338
22347,331,284
22348,336,270
22349,340,267
22350,345,268
22351,350,299
22352,354,311
22353,359,321
22354,363,381
22355,368,389
22356,372,379
22357,377,379
22358,381,363
22359,386,360
22360,390,356
22361,395,345
22362,399,349
22363,404,448
22364,408,363
22365,413,348
22366,417,361
22367,422,359
22368,322,359
22369,326,339
22370,331,312
22371,335,307
22372,340,289
22373,344,282
22374,349,289
22375,353,320
22376,358,331
22377,362,394
22378,367,471
22379,371,471
22380,376,461
22381,380,468
22382,385,448
22383,389,445
22384,394,445
22385,398,435
22386,403,455
22387,407,614
22388,412,510
22389,416,480
22390,421,479
22391,425,487
22392,384,448
22393,388,400
22394,393,385
22395,397,346
22396,402,336
22397,406,329
22398,411,338
22399,415,376
22400,420,400
22401,424,511
22402,429,752
22403,433,773
22404,438,764
22405,442,703
22406,447,712
22407,451,709
22408,456,705
22409,460,694
22410,465,701
22411,469,813
22412,474,707
22413,478,687
22414,483,674
22415,487,684
22416,384,533
22417,388,459
22418,393,448
22419,397,362
22420,402,336
22421,406,328
22422,411,332
22423,415,377
22424,420,401
22425,424,519
22426,429,760
22427,433,786
22428,438,777
22429,442,716
22430,447,725
22431,451,722
22432,456,717
22433,460,707
22434,465,714
22435,469,832
22436,474,727
22437,478,679
22438,483,658
22439,487,669
22440,384,526
22441,388,453
22442,393,444
22443,397,357
22444,402,343
22445,406,335
22446,411,356
22447,415,372
22448,420,397
22449,424,515
22450,429,756
22451,433,781
22452,438,771
22453,442,707
22454,447,716
22455,451,713
22456,456,708
22457,460,698
22458,465,704
22459,469,823
22460,474,718
22461,478,660
22462,483,639
22463,487,655
22464,384,526
22465,388,453
22466,393,444
22467,397,357
22468,402,338
22469,406,330
22470,411,334
22471,415,372
22472,420,397
22473,424,482
22474,429,652
22475,434,677
22476,438,668
22477,443,603
22478,447,612
22479,452,609
22480,456,605
22481,461,594
22482,465,601
22483,470,697
22484,474,592
22485,479,561
22486,483,561
22487,488,577
22488,384,502
22489,389,424
22490,393,414
22491,398,327
22492,402,308
22493,407,302
22494,411,306
22495,416,343
22496,420,367
22497,425,453
22498,429,623
22499,434,672
22500,438,663
22501,443,599
22502,447,607
22503,452,605
22504,456,600
22505,461,589
22506,465,596
22507,470,690
22508,474,584
22509,479,565
22510,483,565
22511,488,581
22512,322,450
22513,327,378
22514,331,345
22515,336,277
22516,340,264
22517,345,260
22518,349,261
22519,354,292
22520,358,304
22521,363,330
22522,367,426
22523,372,455
22524,376,445
22525,381,445
22526,385,429
22527,390,426
22528,394,422
22529,399,411
22530,403,417
22531,408,488
22532,412,402
22533,417,388
22534,421,401
22535,426,398
22536,326,377
22537,331,350
22538,335,323
22539,340,305
22540,344,287
22541,349,280
22542,353,287
22543,358,318
22544,362,329
22545,367,392
22546,371,451
22547,376,468
22548,380,459
22549,385,465
22550,389,445
22551,394,443
22552,398,443
22553,403,432
22554,407,452
22555,412,602
22556,416,514
22557,421,483
22558,425,483
22559,430,495
22560,388,452
22561,393,391
22562,397,376
22563,402,337
22564,406,321
22565,411,314
22566,415,324
22567,420,361
22568,424,386
22569,429,497
22570,433,738
22571,438,776
22572,442,767
22573,447,706
22574,451,715
22575,456,712
22576,460,707
22577,465,697
22578,469,705
22579,474,815
22580,478,709
22581,483,689
22582,487,675
22583,492,691
22584,388,515
22585,393,441
22586,397,431
22587,402,344
22588,406,319
22589,411,311
22590,415,315
22591,420,359
22592,424,383
22593,429,501
22594,433,743
22595,438,786
22596,442,776
22597,447,716
22598,451,724
22599,456,722
22600,460,717
22601,465,706
22602,469,715
22603,474,834
22604,478,729
22605,483,681
22606,487,660
22607,492,676
22608,388,512
22609,393,439
22610,397,430
22611,402,343
22612,406,328
22613,411,321
22614,415,342
22615,420,358
22616,424,383
22617,429,494
22618,433,735
22619,438,761
22620,442,752
22621,447,703
22622,451,712
22623,456,709
22624,460,705
22625,465,694
22626,469,703
22627,474,822
22628,478,717
22629,483,664
22630,487,643
22631,492,630
22632,388,513
22633,393,447
22634,397,437
22635,402,351
22636,406,331
22637,411,323
22638,415,327
22639,420,366
22640,424,390
22641,429,476
22642,433,646
22643,438,671
22644,442,662
22645,447,614
22646,451,622
22647,456,620
22648,460,615
22649,465,604
22650,469,613
22651,474,711
22652,478,605
22653,483,582
22654,487,581
22655,492,568
22656,388,498
22657,393,427
22658,397,417
22659,402,331
22660,406,305
22661,411,299
22662,415,303
22663,420,340
22664,424,365
22665,429,450
22666,433,620
22667,438,650
22668,442,640
22669,447,592
22670,451,601
22671,456,598
22672,460,593
22673,465,583
22674,469,589
22675,474,684
22676,478,578
22677,483,566
22678,487,566
22679,492,577
22680,320,449
22681,325,384
22682,329,351
22683,334,283
22684,338,264
22685,343,260
22686,347,261
22687,352,292
22688,356,304
22689,361,330
22690,365,408
22691,370,416
22692,374,407
22693,379,422
22694,383,407
22695,388,404
22696,392,400
22697,397,389
22698,401,405
22699,406,472
22700,410,381
22701,415,369
22702,419,381
22703,424,382
22704,324,362
22705,328,343
22706,333,317
22707,337,298
22708,342,280
22709,346,273
22710,351,280
22711,355,311
22712,360,323
22713,364,386
22714,369,433
22715,373,434
22716,378,424
22717,382,447
22718,387,427
22719,391,425
22720,396,425
22721,400,414
22722,405,455
22723,409,559
22724,414,451
22725,419,438
22726,423,437
22727,428,486
22728,386,434
22729,390,380
22730,395,366
22731,399,327
22732,404,311
22733,408,304
22734,413,314
22735,417,351
22736,422,376
22737,426,487
22738,431,728
22739,435,750
22740,440,740
22741,444,696
22742,449,705
22743,453,702
22744,458,697
22745,462,687
22746,467,706
22747,471,813
22748,476,703
22749,480,684
22750,485,709
22751,489,762
22752,386,507
22753,390,440
22754,395,430
22755,399,343
22756,404,302
22757,408,294
22758,413,298
22759,417,352
22760,422,377
22761,426,495
22762,431,736
22763,435,758
22764,440,748
22765,444,704
22766,449,713
22767,453,710
22768,458,705
22769,462,695
22770,467,714
22771,471,828
22772,476,717
22773,480,671
22774,485,689
22775,489,741
22776,404,517
22777,409,459
22778,413,449
22779,418,363
22780,422,335
22781,427,327
22782,431,348
22783,436,364
22784,440,389
22785,445,507
22786,449,663
22787,454,700
22788,458,696
22789,463,714
22790,467,726
22791,472,724
22792,476,721
22793,481,711
22794,485,716
22795,490,835
22796,494,731
22797,499,678
22798,503,657
22799,508,662
22800,404,527
22801,409,469
22802,413,459
22803,418,373
22804,422,341
22805,427,333
22806,431,337
22807,436,375
22808,440,399
22809,445,503
22810,449,673
22811,454,710
22812,458,706
22813,463,638
22814,467,651
22815,472,648
22816,477,646
22817,481,635
22818,486,640
22819,490,737
22820,495,633
22821,499,608
22822,504,607
22823,508,613
22824,405,520
22825,409,457
22826,414,448
22827,418,361
22828,423,329
22829,427,322
22830,432,326
22831,436,364
22832,441,388
22833,445,491
22834,450,662
22835,454,702
22836,459,698
22837,463,631
22838,468,643
22839,472,640
22840,477,638
22841,481,627
22842,486,630
22843,490,724
22844,495,621
22845,499,606
22846,504,606
22847,508,611
22848,343,468
22849,347,411
22850,352,378
22851,356,323
22852,361,297
22853,365,293
22854,370,294
22855,374,325
22856,379,337
22857,383,377
22858,388,437
22859,392,457
22860,397,444
22861,401,441
22862,406,428
22863,410,426
22864,415,424
22865,419,413
22866,424,416
22867,428,525
22868,433,441
22869,437,427
22870,442,440
22871,446,441
22872,346,366
22873,351,342
22874,355,315
22875,360,310
22876,364,292
22877,369,285
22878,373,292
22879,378,323
22880,382,334
22881,387,359
22882,391,400
22883,396,442
22884,400,438
22885,405,442
22886,409,425
22887,414,423
22888,418,423
22889,423,412
22890,427,432
22891,432,603
22892,436,506
22893,441,476
22894,445,476
22895,450,466
22896,408,439
22897,412,393
22898,417,379
22899,421,340
22900,426,329
22901,430,322
22902,435,332
22903,439,369
22904,444,394
22905,448,469
22906,453,711
22907,457,774
22908,462,770
22909,466,706
22910,471,719
22911,475,716
22912,480,714
22913,484,703
22914,489,708
22915,493,820
22916,498,717
22917,502,696
22918,507,683
22919,511,674
22920,408,498
22921,412,439
22922,417,428
22923,421,342
22924,426,316
22925,430,308
22926,435,312
22927,439,356
22928,444,381
22929,449,499
22930,453,740
22931,458,766
22932,462,757
22933,467,696
22934,471,704
22935,476,702
22936,480,697
22937,485,686
22938,489,694
22939,494,813
22940,498,709
22941,503,661
22942,507,640
22943,512,643
22944,408,491
22945,413,433
22946,417,423
22947,422,337
22948,426,322
22949,431,314
22950,435,336
22951,440,352
22952,444,376
22953,449,495
22954,453,736
22955,458,761
22956,462,751
22957,467,687
22958,471,695
22959,476,692
22960,480,688
22961,485,677
22962,489,685
22963,494,803
22964,498,700
22965,503,647
22966,507,626
22967,512,628
22968,408,506
22969,413,448
22970,417,438
22971,422,352
22972,426,332
22973,431,325
22974,435,329
22975,440,367
22976,444,391
22977,449,477
22978,453,647
22979,458,672
22980,462,662
22981,467,598
22982,471,612
22983,476,609
22984,480,605
22985,485,594
22986,489,602
22987,494,698
22988,498,595
22989,503,569
22990,507,569
22991,512,572
22992,408,504
22993,413,441
22994,417,431
22995,422,344
22996,426,325
22997,431,319
22998,435,322
22999,440,360
23000,444,384
23001,449,470
23002,453,640
23003,458,668
23004,462,659
23005,467,594
23006,471,609
23007,476,606
23008,480,601
23009,485,591
23010,489,596
23011,494,690
23012,498,586
23013,503,572
23014,507,572
23015,512,573
23016,347,438
23017,351,382
23018,356,348
23019,360,293
23020,365,280
23021,369,277
23022,374,278
23023,378,309
23024,383,320
23025,387,331
23026,392,391
23027,396,399
23028,401,389
23029,405,388
23030,410,373
23031,414,370
23032,419,365
23033,423,355
23034,428,359
23035,432,450
23036,437,366
23037,441,352
23038,446,365
23039,450,362
23040,350,374
23041,355,349
23042,359,322
23043,364,316
23044,368,298
23045,373,291
23046,377,298
23047,382,329
23048,386,341
23049,391,388
23050,395,429
23051,400,429
23052,404,419
23053,409,426
23054,413,406
23055,418,404
23056,422,404
23057,427,393
23058,431,413
23059,436,582
23060,440,479
23061,445,448
23062,449,448
23063,454,435
23064,412,447
23065,417,396
23066,421,381
23067,426,342
23068,430,331
23069,435,324
23070,439,334
23071,444,372
23072,448,396
23073,453,507
23074,457,748
23075,462,769
23076,466,760
23077,471,699
23078,475,708
23079,480,705
23080,484,700
23081,489,690
23082,493,697
23083,498,808
23084,502,703
23085,507,683
23086,511,669
23087,516,660
23088,412,517
23089,417,453
23090,421,443
23091,426,356
23092,430,331
23093,435,323
23094,439,327
23095,444,371
23096,448,395
23097,453,513
23098,457,755
23099,462,781
23100,466,771
23101,471,710
23102,475,719
23103,480,716
23104,484,712
23105,489,701
23106,493,708
23107,498,827
23108,502,721
23109,507,673
23110,511,652
23111,516,663
23112,412,501
23113,417,448
23114,421,438
23115,426,351
23116,430,337
23117,435,329
23118,439,350
23119,444,366
23120,448,391
23121,453,509
23122,457,750
23123,462,775
23124,466,766
23125,471,701
23126,475,710
23127,480,707
23128,484,703
23129,489,692
23130,493,699
23131,498,817
23132,502,712
23133,507,659
23134,512,638
23135,516,649
23136,412,513
23137,417,453
23138,422,444
23139,426,357
23140,431,338
23141,435,330
23142,440,334
23143,444,372
23144,449,397
23145,453,482
23146,458,652
23147,462,677
23148,467,668
23149,471,603
23150,476,612
23151,480,609
23152,485,605
23153,489,594
23154,494,601
23155,498,697
23156,503,592
23157,507,567
23158,512,566
23159,516,577
23160,413,523
23161,417,445
23162,422,435
23163,426,349
23164,431,329
23165,435,323
23166,440,327
23167,444,364
23168,449,389
23169,453,474
23170,458,644
23171,462,672
23172,467,663
23173,471,599
23174,476,607
23175,480,605
23176,485,600
23177,489,589
23178,494,594
23179,498,688
23180,503,582
23181,507,568
23182,512,568
23183,516,579
23184,351,478
23185,355,406
23186,360,372
23187,364,305
23188,369,291
23189,373,288
23190,378,289
23191,382,320
23192,387,332
23193,391,358
23194,396,454
23195,400,461
23196,405,452
23197,409,451
23198,414,436
23199,418,433
23200,423,428
23201,427,418
23202,432,422
23203,436,487
23204,441,402
23205,445,382
23206,450,395
23207,454,397
23208,355,399
23209,359,373
23210,364,346
23211,368,328
23212,373,310
23213,377,303
23214,382,310
23215,386,341
23216,391,352
23217,395,415
23218,400,492
23219,404,492
23220,409,482
23221,413,489
23222,418,469
23223,422,466
23224,427,466
23225,431,456
23226,436,476
23227,440,620
23228,445,516
23229,449,480
23230,454,480
23231,458,492
23232,417,445
23233,421,385
23234,426,370
23235,430,331
23236,435,315
23237,439,307
23238,444,317
23239,448,355
23240,453,379
23241,457,490
23242,462,731
23243,466,773
23244,471,764
23245,475,703
23246,480,712
23247,484,709
23248,489,705
23249,493,694
23250,498,703
23251,502,815
23252,507,709
23253,511,684
23254,516,670
23255,520,686
23256,417,512
23257,421,438
23258,426,427
23259,430,341
23260,435,315
23261,439,307
23262,444,311
23263,448,355
23264,453,380
23265,457,498
23266,462,739
23267,466,786
23268,471,777
23269,475,716
23270,480,725
23271,484,722
23272,489,717
23273,493,707
23274,498,716
23275,502,834
23276,507,729
23277,511,681
23278,516,660
23279,520,671
23280,417,515
23281,421,442
23282,426,432
23283,430,345
23284,435,331
23285,439,323
23286,444,344
23287,448,360
23288,453,385
23289,457,503
23290,462,744
23291,466,786
23292,471,777
23293,475,712
23294,480,721
23295,484,718
23296,489,714
23297,493,703
23298,498,712
23299,502,828
23300,507,722
23301,511,669
23302,516,648
23303,520,664
23304,417,515
23305,421,442
23306,426,432
23307,430,345
23308,435,326
23309,439,318
23310,444,322
23311,448,360
23312,453,385
23313,457,470
23314,462,640
23315,466,682
23316,471,673
23317,475,609
23318,480,617
23319,484,615
23320,489,610
23321,493,599
23322,498,608
23323,502,702
23324,507,597
23325,511,571
23326,516,571
23327,520,586
23328,417,504
23329,421,426
23330,426,416
23331,430,330
23332,435,310
23333,439,304
23334,444,308
23335,448,345
23336,453,370
23337,457,455
23338,462,625
23339,466,671
23340,471,661
23341,475,597
23342,480,606
23343,485,603
23344,489,598
23345,494,587
23346,498,594
23347,503,689
23348,507,583
23349,512,569
23350,516,569
23351,521,609
23352,355,441
23353,360,369
23354,364,336
23355,369,268
23356,373,255
23357,378,251
23358,382,252
23359,387,284
23360,391,295
23361,396,321
23362,400,399
23363,405,407
23364,409,398
23365,414,413
23366,418,398
23367,423,395
23368,427,391
23369,432,380
23370,436,386
23371,441,458
23372,445,372
23373,450,358
23374,454,393
23375,459,382
23376,359,378
23377,364,359
23378,368,332
23379,373,314
23380,377,295
23381,382,289
23382,386,296
23383,391,326
23384,395,338
23385,400,401
23386,404,460
23387,409,460
23388,413,451
23389,418,473
23390,422,454
23391,427,451
23392,431,451
23393,436,441
23394,440,460
23395,445,610
23396,449,523
23397,454,492
23398,458,492
23399,463,475
